Model,CV_R2
Linear,0.9994611629199038
Ridge,0.9994611622347108
RF,0.9994176597716085
